Domain,Area,Element,Item,Year,Unit,Value
"Crops and livestock products","Afghanistan","Export Quantity","Barley","2020","tonnes","1528"
"Crops and livestock products","Afghanistan","Export Quantity","Linseed","2020","tonnes","0"
"Crops and livestock products","Afghanistan","Export Quantity","Maize","2020","tonnes","215"
"Crops and livestock products","Afghanistan","Export Quantity","Oil, olive, virgin","2020","tonnes","0"
"Crops and livestock products","Afghanistan","Export Quantity","Vegetables, frozen","2020","tonnes","9"
"Crops and livestock products","Afghanistan","Export Quantity","Wheat","2020","tonnes","21"
"Crops and livestock products","Albania","Export Quantity","Oil, olive, virgin","2020","tonnes","16"
"Crops and livestock products","Algeria","Export Quantity","Maize","2020","tonnes","5"
"Crops and livestock products","Algeria","Export Quantity","Oil, olive, virgin","2020","tonnes","229"
"Crops and livestock products","Algeria","Export Quantity","Vegetables, frozen","2020","tonnes","34"
"Crops and livestock products","Algeria","Export Quantity","Wheat","2020","tonnes","5"
"Crops and livestock products","Angola","Export Quantity","Flour, cassava","2020","tonnes","43"
"Crops and livestock products","Angola","Export Quantity","Maize","2020","tonnes","84"
"Crops and livestock products","Angola","Export Quantity","Oil, olive, virgin","2020","tonnes","2"
"Crops and livestock products","Angola","Export Quantity","Vegetables, frozen","2020","tonnes","0"
"Crops and livestock products","Antigua and Barbuda","Export Quantity","Maize","2020","tonnes","105"
"Crops and livestock products","Antigua and Barbuda","Export Quantity","Sunflower seed","2020","tonnes","0"
"Crops and livestock products","Argentina","Export Quantity","Barley","2020","tonnes","2233130"
"Crops and livestock products","Argentina","Export Quantity","Linseed","2020","tonnes","3149"
"Crops and livestock products","Argentina","Export Quantity","Maize","2020","tonnes","36881996"
"Crops and livestock products","Argentina","Export Quantity","Oil, olive, virgin","2020","tonnes","22112"
"Crops and livestock products","Argentina","Export Quantity","Sunflower seed","2020","tonnes","206466"
"Crops and livestock products","Argentina","Export Quantity","Wheat","2020","tonnes","10196931"
"Crops and livestock products","Armenia","Export Quantity","Linseed","2020","tonnes","0"
"Crops and livestock products","Armenia","Export Quantity","Sunflower seed","2020","tonnes","67"
"Crops and livestock products","Armenia","Export Quantity","Vegetables, frozen","2020","tonnes","119"
"Crops and livestock products","Armenia","Export Quantity","Wheat","2020","tonnes","64"
"Crops and livestock products","Australia","Export Quantity","Barley","2020","tonnes","4258209"
"Crops and livestock products","Australia","Export Quantity","Linseed","2020","tonnes","32"
"Crops and livestock products","Australia","Export Quantity","Maize","2020","tonnes","49958"
"Crops and livestock products","Australia","Export Quantity","Oil, olive, virgin","2020","tonnes","2071"
"Crops and livestock products","Australia","Export Quantity","Sunflower seed","2020","tonnes","309"
"Crops and livestock products","Australia","Export Quantity","Vegetables, frozen","2020","tonnes","905"
"Crops and livestock products","Australia","Export Quantity","Wheat","2020","tonnes","10400418"
"Crops and livestock products","Austria","Export Quantity","Barley","2020","tonnes","86519"
"Crops and livestock products","Austria","Export Quantity","Linseed","2020","tonnes","4802"
"Crops and livestock products","Austria","Export Quantity","Maize","2020","tonnes","542819"
"Crops and livestock products","Austria","Export Quantity","Oil, olive, virgin","2020","tonnes","2448"
"Crops and livestock products","Austria","Export Quantity","Sunflower seed","2020","tonnes","64850"
"Crops and livestock products","Austria","Export Quantity","Vegetables, frozen","2020","tonnes","32114"
"Crops and livestock products","Austria","Export Quantity","Wheat","2020","tonnes","619174"
"Crops and livestock products","Azerbaijan","Export Quantity","Oil, olive, virgin","2020","tonnes","64"
"Crops and livestock products","Bahrain","Export Quantity","Maize","2020","tonnes","1"
"Crops and livestock products","Bahrain","Export Quantity","Oil, olive, virgin","2020","tonnes","0"
"Crops and livestock products","Bahrain","Export Quantity","Vegetables, frozen","2020","tonnes","0"
"Crops and livestock products","Bahrain","Export Quantity","Wheat","2020","tonnes","0"
"Crops and livestock products","Bangladesh","Export Quantity","Flour, cassava","2020","tonnes","1"
"Crops and livestock products","Bangladesh","Export Quantity","Linseed","2020","tonnes","0"
"Crops and livestock products","Bangladesh","Export Quantity","Maize","2020","tonnes","13"
"Crops and livestock products","Bangladesh","Export Quantity","Oil, olive, virgin","2020","tonnes","0"
"Crops and livestock products","Bangladesh","Export Quantity","Vegetables, frozen","2020","tonnes","1873"
"Crops and livestock products","Bangladesh","Export Quantity","Wheat","2020","tonnes","1"
"Crops and livestock products","Barbados","Export Quantity","Barley","2020","tonnes","0"
"Crops and livestock products","Barbados","Export Quantity","Linseed","2020","tonnes","0"
"Crops and livestock products","Barbados","Export Quantity","Maize","2020","tonnes","4"
"Crops and livestock products","Barbados","Export Quantity","Oil, olive, virgin","2020","tonnes","0"
"Crops and livestock products","Belarus","Export Quantity","Barley","2020","tonnes","3846"
"Crops and livestock products","Belarus","Export Quantity","Linseed","2020","tonnes","2054"
"Crops and livestock products","Belarus","Export Quantity","Maize","2020","tonnes","36318"
"Crops and livestock products","Belarus","Export Quantity","Oil, olive, virgin","2020","tonnes","272"
"Crops and livestock products","Belarus","Export Quantity","Sunflower seed","2020","tonnes","282"
"Crops and livestock products","Belarus","Export Quantity","Vegetables, frozen","2020","tonnes","30403"
"Crops and livestock products","Belarus","Export Quantity","Wheat","2020","tonnes","21684"
"Crops and livestock products","Belgium","Export Quantity","Barley","2020","tonnes","159687"
"Crops and livestock products","Belgium","Export Quantity","Linseed","2020","tonnes","169649"
"Crops and livestock products","Belgium","Export Quantity","Maize","2020","tonnes","144633"
"Crops and livestock products","Belgium","Export Quantity","Oil, olive, virgin","2020","tonnes","4430"
"Crops and livestock products","Belgium","Export Quantity","Sunflower seed","2020","tonnes","25526"
"Crops and livestock products","Belgium","Export Quantity","Vegetables, frozen","2020","tonnes","1301904"
"Crops and livestock products","Belgium","Export Quantity","Wheat","2020","tonnes","637848"
"Crops and livestock products","Belize","Export Quantity","Maize","2020","tonnes","5101"
"Crops and livestock products","Benin","Export Quantity","Flour, cassava","2020","tonnes",""
"Crops and livestock products","Benin","Export Quantity","Maize","2020","tonnes","16"
"Crops and livestock products","Benin","Export Quantity","Vegetables, frozen","2020","tonnes","50"
"Crops and livestock products","Bolivia (Plurinational State of)","Export Quantity","Linseed","2020","tonnes","4"
"Crops and livestock products","Bolivia (Plurinational State of)","Export Quantity","Maize","2020","tonnes","3464"
"Crops and livestock products","Bolivia (Plurinational State of)","Export Quantity","Sunflower seed","2020","tonnes","262"
"Crops and livestock products","Bosnia and Herzegovina","Export Quantity","Barley","2020","tonnes","88"
"Crops and livestock products","Bosnia and Herzegovina","Export Quantity","Linseed","2020","tonnes","8"
"Crops and livestock products","Bosnia and Herzegovina","Export Quantity","Maize","2020","tonnes","6663"
"Crops and livestock products","Bosnia and Herzegovina","Export Quantity","Oil, olive, virgin","2020","tonnes","10"
"Crops and livestock products","Bosnia and Herzegovina","Export Quantity","Sunflower seed","2020","tonnes","817"
"Crops and livestock products","Bosnia and Herzegovina","Export Quantity","Vegetables, frozen","2020","tonnes","664"
"Crops and livestock products","Bosnia and Herzegovina","Export Quantity","Wheat","2020","tonnes","36508"
"Crops and livestock products","Botswana","Export Quantity","Maize","2020","tonnes","1152"
"Crops and livestock products","Botswana","Export Quantity","Oil, olive, virgin","2020","tonnes","0"
"Crops and livestock products","Botswana","Export Quantity","Sunflower seed","2020","tonnes","0"
"Crops and livestock products","Botswana","Export Quantity","Vegetables, frozen","2020","tonnes","143"
"Crops and livestock products","Botswana","Export Quantity","Wheat","2020","tonnes","278"
"Crops and livestock products","Brazil","Export Quantity","Barley","2020","tonnes","31"
"Crops and livestock products","Brazil","Export Quantity","Flour, cassava","2020","tonnes","16903"
"Crops and livestock products","Brazil","Export Quantity","Linseed","2020","tonnes","3"
"Crops and livestock products","Brazil","Export Quantity","Maize","2020","tonnes","34431936"
"Crops and livestock products","Brazil","Export Quantity","Oil, olive, virgin","2020","tonnes","232"
"Crops and livestock products","Brazil","Export Quantity","Sunflower seed","2020","tonnes","232"
"Crops and livestock products","Brazil","Export Quantity","Vegetables, frozen","2020","tonnes","199"
"Crops and livestock products","Brazil","Export Quantity","Wheat","2020","tonnes","560878"
"Crops and livestock products","Brunei Darussalam","Export Quantity","Maize","2020","tonnes","45"
"Crops and livestock products","Brunei Darussalam","Export Quantity","Oil, olive, virgin","2020","tonnes","0"
"Crops and livestock products","Brunei Darussalam","Export Quantity","Vegetables, frozen","2020","tonnes","1"
"Crops and livestock products","Bulgaria","Export Quantity","Barley","2020","tonnes","333032"
"Crops and livestock products","Bulgaria","Export Quantity","Linseed","2020","tonnes","176"
"Crops and livestock products","Bulgaria","Export Quantity","Maize","2020","tonnes","2559570"
"Crops and livestock products","Bulgaria","Export Quantity","Oil, olive, virgin","2020","tonnes","316"
"Crops and livestock products","Bulgaria","Export Quantity","Sunflower seed","2020","tonnes","818258"
"Crops and livestock products","Bulgaria","Export Quantity","Vegetables, frozen","2020","tonnes","7611"
"Crops and livestock products","Bulgaria","Export Quantity","Wheat","2020","tonnes","3223233"
"Crops and livestock products","Burkina Faso","Export Quantity","Maize","2020","tonnes","145920"
"Crops and livestock products","Burkina Faso","Export Quantity","Sunflower seed","2020","tonnes","0"
"Crops and livestock products","Burkina Faso","Export Quantity","Vegetables, frozen","2020","tonnes","100"
"Crops and livestock products","Burundi","Export Quantity","Flour, cassava","2020","tonnes","20"
"Crops and livestock products","Burundi","Export Quantity","Maize","2020","tonnes","0"
"Crops and livestock products","Burundi","Export Quantity","Oil, olive, virgin","2020","tonnes","4"
"Crops and livestock products","Burundi","Export Quantity","Sunflower seed","2020","tonnes","231"
"Crops and livestock products","Burundi","Export Quantity","Vegetables, frozen","2020","tonnes",""
"Crops and livestock products","Cambodia","Export Quantity","Linseed","2020","tonnes","0"
"Crops and livestock products","Cambodia","Export Quantity","Maize","2020","tonnes","147073"
"Crops and livestock products","Cambodia","Export Quantity","Sunflower seed","2020","tonnes","0"
"Crops and livestock products","Cameroon","Export Quantity","Flour, cassava","2020","tonnes","128"
"Crops and livestock products","Cameroon","Export Quantity","Maize","2020","tonnes","59"
"Crops and livestock products","Cameroon","Export Quantity","Oil, olive, virgin","2020","tonnes","0"
"Crops and livestock products","Cameroon","Export Quantity","Sunflower seed","2020","tonnes","18"
"Crops and livestock products","Cameroon","Export Quantity","Vegetables, frozen","2020","tonnes","2839"
"Crops and livestock products","Cameroon","Export Quantity","Wheat","2020","tonnes","0"
"Crops and livestock products","Canada","Export Quantity","Barley","2020","tonnes","2807251"
"Crops and livestock products","Canada","Export Quantity","Flour, cassava","2020","tonnes","2969"
"Crops and livestock products","Canada","Export Quantity","Linseed","2020","tonnes","483091"
"Crops and livestock products","Canada","Export Quantity","Maize","2020","tonnes","1132480"
"Crops and livestock products","Canada","Export Quantity","Oil, olive, virgin","2020","tonnes","367"
"Crops and livestock products","Canada","Export Quantity","Sunflower seed","2020","tonnes","46422"
"Crops and livestock products","Canada","Export Quantity","Vegetables, frozen","2020","tonnes","104170"
"Crops and livestock products","Canada","Export Quantity","Wheat","2020","tonnes","26110509"
"Crops and livestock products","Chile","Export Quantity","Barley","2020","tonnes","702"
"Crops and livestock products","Chile","Export Quantity","Flour, cassava","2020","tonnes",""
"Crops and livestock products","Chile","Export Quantity","Linseed","2020","tonnes","0"
"Crops and livestock products","Chile","Export Quantity","Maize","2020","tonnes","31038"
"Crops and livestock products","Chile","Export Quantity","Oil, olive, virgin","2020","tonnes","16277"
"Crops and livestock products","Chile","Export Quantity","Sunflower seed","2020","tonnes","4499"
"Crops and livestock products","Chile","Export Quantity","Vegetables, frozen","2020","tonnes","12423"
"Crops and livestock products","Chile","Export Quantity","Wheat","2020","tonnes","4"
"Crops and livestock products","China, Hong Kong SAR","Export Quantity","Barley","2020","tonnes","158"
"Crops and livestock products","China, Hong Kong SAR","Export Quantity","Linseed","2020","tonnes","2"
"Crops and livestock products","China, Hong Kong SAR","Export Quantity","Maize","2020","tonnes","30"
"Crops and livestock products","China, Hong Kong SAR","Export Quantity","Oil, olive, virgin","2020","tonnes","379"
"Crops and livestock products","China, Hong Kong SAR","Export Quantity","Sunflower seed","2020","tonnes","5"
"Crops and livestock products","China, Hong Kong SAR","Export Quantity","Vegetables, frozen","2020","tonnes","309"
"Crops and livestock products","China, mainland","Export Quantity","Barley","2020","tonnes","37"
"Crops and livestock products","China, mainland","Export Quantity","Linseed","2020","tonnes","959"
"Crops and livestock products","China, mainland","Export Quantity","Maize","2020","tonnes","2512"
"Crops and livestock products","China, mainland","Export Quantity","Oil, olive, virgin","2020","tonnes","98"
"Crops and livestock products","China, mainland","Export Quantity","Sunflower seed","2020","tonnes","508002"
"Crops and livestock products","China, mainland","Export Quantity","Vegetables, frozen","2020","tonnes","1064029"
"Crops and livestock products","China, Taiwan Province of","Export Quantity","Barley","2020","tonnes","1"
"Crops and livestock products","China, Taiwan Province of","Export Quantity","Linseed","2020","tonnes","14"
"Crops and livestock products","China, Taiwan Province of","Export Quantity","Maize","2020","tonnes","133"
"Crops and livestock products","China, Taiwan Province of","Export Quantity","Oil, olive, virgin","2020","tonnes","58"
"Crops and livestock products","China, Taiwan Province of","Export Quantity","Sunflower seed","2020","tonnes","10"
"Crops and livestock products","China, Taiwan Province of","Export Quantity","Vegetables, frozen","2020","tonnes","37813"
"Crops and livestock products","China, Taiwan Province of","Export Quantity","Wheat","2020","tonnes","33"
"Crops and livestock products","Colombia","Export Quantity","Linseed","2020","tonnes","1"
"Crops and livestock products","Colombia","Export Quantity","Maize","2020","tonnes","1029"
"Crops and livestock products","Colombia","Export Quantity","Oil, olive, virgin","2020","tonnes","3"
"Crops and livestock products","Colombia","Export Quantity","Vegetables, frozen","2020","tonnes","109"
"Crops and livestock products","Colombia","Export Quantity","Wheat","2020","tonnes","0"
"Crops and livestock products","Congo","Export Quantity","Linseed","2020","tonnes","190"
"Crops and livestock products","Congo","Export Quantity","Vegetables, frozen","2020","tonnes","1"
"Crops and livestock products","Congo","Export Quantity","Wheat","2020","tonnes","0"
"Crops and livestock products","Costa Rica","Export Quantity","Flour, cassava","2020","tonnes",""
"Crops and livestock products","Costa Rica","Export Quantity","Linseed","2020","tonnes","7"
"Crops and livestock products","Costa Rica","Export Quantity","Maize","2020","tonnes","6816"
"Crops and livestock products","Costa Rica","Export Quantity","Oil, olive, virgin","2020","tonnes","23"
"Crops and livestock products","Costa Rica","Export Quantity","Sunflower seed","2020","tonnes","8"
"Crops and livestock products","Costa Rica","Export Quantity","Vegetables, frozen","2020","tonnes","1101"
"Crops and livestock products","Costa Rica","Export Quantity","Wheat","2020","tonnes","0"
"Crops and livestock products","C?te d'Ivoire","Export Quantity","Flour, cassava","2020","tonnes","123"
"Crops and livestock products","C?te d'Ivoire","Export Quantity","Maize","2020","tonnes","3291"
"Crops and livestock products","C?te d'Ivoire","Export Quantity","Vegetables, frozen","2020","tonnes","64"
"Crops and livestock products","C?te d'Ivoire","Export Quantity","Wheat","2020","tonnes","0"
"Crops and livestock products","Croatia","Export Quantity","Barley","2020","tonnes","132904"
"Crops and livestock products","Croatia","Export Quantity","Linseed","2020","tonnes","338"
"Crops and livestock products","Croatia","Export Quantity","Maize","2020","tonnes","1213051"
"Crops and livestock products","Croatia","Export Quantity","Oil, olive, virgin","2020","tonnes","295"
"Crops and livestock products","Croatia","Export Quantity","Sunflower seed","2020","tonnes","60538"
"Crops and livestock products","Croatia","Export Quantity","Vegetables, frozen","2020","tonnes","6489"
"Crops and livestock products","Croatia","Export Quantity","Wheat","2020","tonnes","572162"
"Crops and livestock products","Cyprus","Export Quantity","Oil, olive, virgin","2020","tonnes","160"
"Crops and livestock products","Cyprus","Export Quantity","Vegetables, frozen","2020","tonnes","9"
"Crops and livestock products","Cyprus","Export Quantity","Wheat","2020","tonnes","51"
"Crops and livestock products","Czechia","Export Quantity","Barley","2020","tonnes","354391"
"Crops and livestock products","Czechia","Export Quantity","Linseed","2020","tonnes","6240"
"Crops and livestock products","Czechia","Export Quantity","Maize","2020","tonnes","312907"
"Crops and livestock products","Czechia","Export Quantity","Oil, olive, virgin","2020","tonnes","800"
"Crops and livestock products","Czechia","Export Quantity","Sunflower seed","2020","tonnes","29188"
"Crops and livestock products","Czechia","Export Quantity","Vegetables, frozen","2020","tonnes","11344"
"Crops and livestock products","Czechia","Export Quantity","Wheat","2020","tonnes","2497600"
"Crops and livestock products","Democratic Republic of the Congo","Export Quantity","Maize","2020","tonnes","10"
"Crops and livestock products","Democratic Republic of the Congo","Export Quantity","Vegetables, frozen","2020","tonnes","227"
"Crops and livestock products","Democratic Republic of the Congo","Export Quantity","Wheat","2020","tonnes","2"
"Crops and livestock products","Denmark","Export Quantity","Barley","2020","tonnes","717795"
"Crops and livestock products","Denmark","Export Quantity","Linseed","2020","tonnes","438"
"Crops and livestock products","Denmark","Export Quantity","Maize","2020","tonnes","64339"
"Crops and livestock products","Denmark","Export Quantity","Oil, olive, virgin","2020","tonnes","258"
"Crops and livestock products","Denmark","Export Quantity","Sunflower seed","2020","tonnes","2573"
"Crops and livestock products","Denmark","Export Quantity","Vegetables, frozen","2020","tonnes","11590"
"Crops and livestock products","Denmark","Export Quantity","Wheat","2020","tonnes","804381"
"Crops and livestock products","Dominican Republic","Export Quantity","Linseed","2020","tonnes","0"
"Crops and livestock products","Dominican Republic","Export Quantity","Maize","2020","tonnes","1327"
"Crops and livestock products","Dominican Republic","Export Quantity","Oil, olive, virgin","2020","tonnes","19"
"Crops and livestock products","Dominican Republic","Export Quantity","Sunflower seed","2020","tonnes","0"
"Crops and livestock products","Dominican Republic","Export Quantity","Vegetables, frozen","2020","tonnes","1513"
"Crops and livestock products","Dominican Republic","Export Quantity","Wheat","2020","tonnes","335"
"Crops and livestock products","Ecuador","Export Quantity","Barley","2020","tonnes","36"
"Crops and livestock products","Ecuador","Export Quantity","Linseed","2020","tonnes","1"
"Crops and livestock products","Ecuador","Export Quantity","Maize","2020","tonnes","13"
"Crops and livestock products","Ecuador","Export Quantity","Oil, olive, virgin","2020","tonnes","0"
"Crops and livestock products","Ecuador","Export Quantity","Sunflower seed","2020","tonnes","3"
"Crops and livestock products","Ecuador","Export Quantity","Vegetables, frozen","2020","tonnes","99604"
"Crops and livestock products","Egypt","Export Quantity","Barley","2020","tonnes","26"
"Crops and livestock products","Egypt","Export Quantity","Linseed","2020","tonnes","383"
"Crops and livestock products","Egypt","Export Quantity","Maize","2020","tonnes","9029"
"Crops and livestock products","Egypt","Export Quantity","Oil, olive, virgin","2020","tonnes","1103"
"Crops and livestock products","Egypt","Export Quantity","Sunflower seed","2020","tonnes","2885"
"Crops and livestock products","Egypt","Export Quantity","Vegetables, frozen","2020","tonnes","149172"
"Crops and livestock products","Egypt","Export Quantity","Wheat","2020","tonnes","8"
"Crops and livestock products","El Salvador","Export Quantity","Linseed","2020","tonnes","2"
"Crops and livestock products","El Salvador","Export Quantity","Maize","2020","tonnes","6696"
"Crops and livestock products","El Salvador","Export Quantity","Oil, olive, virgin","2020","tonnes","39"
"Crops and livestock products","El Salvador","Export Quantity","Sunflower seed","2020","tonnes","9"
"Crops and livestock products","El Salvador","Export Quantity","Vegetables, frozen","2020","tonnes","4318"
"Crops and livestock products","El Salvador","Export Quantity","Wheat","2020","tonnes","1642"
"Crops and livestock products","Estonia","Export Quantity","Barley","2020","tonnes","291141"
"Crops and livestock products","Estonia","Export Quantity","Linseed","2020","tonnes","709"
"Crops and livestock products","Estonia","Export Quantity","Maize","2020","tonnes","122"
"Crops and livestock products","Estonia","Export Quantity","Oil, olive, virgin","2020","tonnes","145"
"Crops and livestock products","Estonia","Export Quantity","Sunflower seed","2020","tonnes","4664"
"Crops and livestock products","Estonia","Export Quantity","Vegetables, frozen","2020","tonnes","455"
"Crops and livestock products","Estonia","Export Quantity","Wheat","2020","tonnes","709971"
"Crops and livestock products","Eswatini","Export Quantity","Maize","2020","tonnes","142"
"Crops and livestock products","Eswatini","Export Quantity","Oil, olive, virgin","2020","tonnes","0"
"Crops and livestock products","Eswatini","Export Quantity","Vegetables, frozen","2020","tonnes",""
"Crops and livestock products","Eswatini","Export Quantity","Wheat","2020","tonnes",""
"Crops and livestock products","Ethiopia","Export Quantity","Barley","2020","tonnes","28"
"Crops and livestock products","Ethiopia","Export Quantity","Flour, cassava","2020","tonnes","0"
"Crops and livestock products","Ethiopia","Export Quantity","Linseed","2020","tonnes","129"
"Crops and livestock products","Ethiopia","Export Quantity","Oil, olive, virgin","2020","tonnes","3"
"Crops and livestock products","Ethiopia","Export Quantity","Sunflower seed","2020","tonnes","1"
"Crops and livestock products","Ethiopia","Export Quantity","Vegetables, frozen","2020","tonnes","55"
"Crops and livestock products","Ethiopia","Export Quantity","Wheat","2020","tonnes","2"
"Crops and livestock products","Faroe Islands","Export Quantity","Vegetables, frozen","2020","tonnes","0"
"Crops and livestock products","Fiji","Export Quantity","Flour, cassava","2020","tonnes","4"
"Crops and livestock products","Fiji","Export Quantity","Oil, olive, virgin","2020","tonnes","1"
"Crops and livestock products","Fiji","Export Quantity","Vegetables, frozen","2020","tonnes","378"
"Crops and livestock products","Finland","Export Quantity","Barley","2020","tonnes","166058"
"Crops and livestock products","Finland","Export Quantity","Linseed","2020","tonnes","11"
"Crops and livestock products","Finland","Export Quantity","Maize","2020","tonnes","1"
"Crops and livestock products","Finland","Export Quantity","Oil, olive, virgin","2020","tonnes","55"
"Crops and livestock products","Finland","Export Quantity","Sunflower seed","2020","tonnes","220"
"Crops and livestock products","Finland","Export Quantity","Vegetables, frozen","2020","tonnes","2785"
"Crops and livestock products","Finland","Export Quantity","Wheat","2020","tonnes","152763"
"Crops and livestock products","France","Export Quantity","Barley","2020","tonnes","6778158"
"Crops and livestock products","France","Export Quantity","Linseed","2020","tonnes","12716"
"Crops and livestock products","France","Export Quantity","Maize","2020","tonnes","4558720"
"Crops and livestock products","France","Export Quantity","Oil, olive, virgin","2020","tonnes","9754"
"Crops and livestock products","France","Export Quantity","Sunflower seed","2020","tonnes","423547"
"Crops and livestock products","France","Export Quantity","Vegetables, frozen","2020","tonnes","217616"
"Crops and livestock products","France","Export Quantity","Wheat","2020","tonnes","19792597"
"Crops and livestock products","French Polynesia","Export Quantity","Vegetables, frozen","2020","tonnes","0"
"Crops and livestock products","Gabon","Export Quantity","Vegetables, frozen","2020","tonnes","3"
"Crops and livestock products","Georgia","Export Quantity","Barley","2020","tonnes","243"
"Crops and livestock products","Georgia","Export Quantity","Maize","2020","tonnes","593"
"Crops and livestock products","Georgia","Export Quantity","Oil, olive, virgin","2020","tonnes","9"
"Crops and livestock products","Georgia","Export Quantity","Sunflower seed","2020","tonnes","102"
"Crops and livestock products","Georgia","Export Quantity","Vegetables, frozen","2020","tonnes","2"
"Crops and livestock products","Georgia","Export Quantity","Wheat","2020","tonnes","24"
"Crops and livestock products","Germany","Export Quantity","Barley","2020","tonnes","2405178"
"Crops and livestock products","Germany","Export Quantity","Flour, cassava","2020","tonnes","238"
"Crops and livestock products","Germany","Export Quantity","Linseed","2020","tonnes","16952"
"Crops and livestock products","Germany","Export Quantity","Maize","2020","tonnes","394069"
"Crops and livestock products","Germany","Export Quantity","Oil, olive, virgin","2020","tonnes","6565"
"Crops and livestock products","Germany","Export Quantity","Sunflower seed","2020","tonnes","26224"
"Crops and livestock products","Germany","Export Quantity","Vegetables, frozen","2020","tonnes","56661"
"Crops and livestock products","Germany","Export Quantity","Wheat","2020","tonnes","9259493"
"Crops and livestock products","Ghana","Export Quantity","Flour, cassava","2020","tonnes","1345"
"Crops and livestock products","Ghana","Export Quantity","Maize","2020","tonnes","14374"
"Crops and livestock products","Ghana","Export Quantity","Oil, olive, virgin","2020","tonnes","1"
"Crops and livestock products","Ghana","Export Quantity","Sunflower seed","2020","tonnes","0"
"Crops and livestock products","Ghana","Export Quantity","Vegetables, frozen","2020","tonnes","875"
"Crops and livestock products","Ghana","Export Quantity","Wheat","2020","tonnes","33"
"Crops and livestock products","Greece","Export Quantity","Barley","2020","tonnes","10854"
"Crops and livestock products","Greece","Export Quantity","Linseed","2020","tonnes","35"
"Crops and livestock products","Greece","Export Quantity","Maize","2020","tonnes","8303"
"Crops and livestock products","Greece","Export Quantity","Oil, olive, virgin","2020","tonnes","174519"
"Crops and livestock products","Greece","Export Quantity","Sunflower seed","2020","tonnes","22303"
"Crops and livestock products","Greece","Export Quantity","Vegetables, frozen","2020","tonnes","5162"
"Crops and livestock products","Greece","Export Quantity","Wheat","2020","tonnes","286932"
"Crops and livestock products","Grenada","Export Quantity","Vegetables, frozen","2020","tonnes","10"
"Crops and livestock products","Guatemala","Export Quantity","Barley","2020","tonnes","12"
"Crops and livestock products","Guatemala","Export Quantity","Linseed","2020","tonnes","27"
"Crops and livestock products","Guatemala","Export Quantity","Maize","2020","tonnes","1093"
"Crops and livestock products","Guatemala","Export Quantity","Oil, olive, virgin","2020","tonnes","20"
"Crops and livestock products","Guatemala","Export Quantity","Sunflower seed","2020","tonnes","30"
"Crops and livestock products","Guatemala","Export Quantity","Vegetables, frozen","2020","tonnes","59787"
"Crops and livestock products","Guatemala","Export Quantity","Wheat","2020","tonnes","0"
"Crops and livestock products","Guinea","Export Quantity","Maize","2020","tonnes","4"
"Crops and livestock products","Guinea","Export Quantity","Vegetables, frozen","2020","tonnes","102"
"Crops and livestock products","Guinea","Export Quantity","Wheat","2020","tonnes","0"
"Crops and livestock products","Guyana","Export Quantity","Maize","2020","tonnes","12"
"Crops and livestock products","Guyana","Export Quantity","Oil, olive, virgin","2020","tonnes","0"
"Crops and livestock products","Guyana","Export Quantity","Vegetables, frozen","2020","tonnes","104"
"Crops and livestock products","Haiti","Export Quantity","Maize","2020","tonnes","858"
"Crops and livestock products","Honduras","Export Quantity","Flour, cassava","2020","tonnes","0"
"Crops and livestock products","Honduras","Export Quantity","Maize","2020","tonnes","792"
"Crops and livestock products","Honduras","Export Quantity","Vegetables, frozen","2020","tonnes","17"
"Crops and livestock products","Hungary","Export Quantity","Barley","2020","tonnes","831605"
"Crops and livestock products","Hungary","Export Quantity","Linseed","2020","tonnes","509"
"Crops and livestock products","Hungary","Export Quantity","Maize","2020","tonnes","4040502"
"Crops and livestock products","Hungary","Export Quantity","Oil, olive, virgin","2020","tonnes","152"
"Crops and livestock products","Hungary","Export Quantity","Sunflower seed","2020","tonnes","347187"
"Crops and livestock products","Hungary","Export Quantity","Vegetables, frozen","2020","tonnes","23521"
"Crops and livestock products","Hungary","Export Quantity","Wheat","2020","tonnes","2979320"
"Crops and livestock products","Iceland","Export Quantity","Barley","2020","tonnes","0"
"Crops and livestock products","Iceland","Export Quantity","Oil, olive, virgin","2020","tonnes","1"
"Crops and livestock products","Iceland","Export Quantity","Sunflower seed","2020","tonnes","0"
"Crops and livestock products","Iceland","Export Quantity","Vegetables, frozen","2020","tonnes","0"
"Crops and livestock products","India","Export Quantity","Barley","2020","tonnes","2090"
"Crops and livestock products","India","Export Quantity","Flour, cassava","2020","tonnes","77"
"Crops and livestock products","India","Export Quantity","Linseed","2020","tonnes","12493"
"Crops and livestock products","India","Export Quantity","Maize","2020","tonnes","1766876"
"Crops and livestock products","India","Export Quantity","Oil, olive, virgin","2020","tonnes","55"
"Crops and livestock products","India","Export Quantity","Sunflower seed","2020","tonnes","1308"
"Crops and livestock products","India","Export Quantity","Vegetables, frozen","2020","tonnes","40577"
"Crops and livestock products","India","Export Quantity","Wheat","2020","tonnes","928684"
"Crops and livestock products","Indonesia","Export Quantity","Linseed","2020","tonnes","0"
"Crops and livestock products","Indonesia","Export Quantity","Maize","2020","tonnes","64272"
"Crops and livestock products","Indonesia","Export Quantity","Oil, olive, virgin","2020","tonnes","0"
"Crops and livestock products","Indonesia","Export Quantity","Sunflower seed","2020","tonnes","27"
"Crops and livestock products","Indonesia","Export Quantity","Vegetables, frozen","2020","tonnes","12323"
"Crops and livestock products","Indonesia","Export Quantity","Wheat","2020","tonnes","0"
"Crops and livestock products","Iran (Islamic Republic of)","Export Quantity","Flour, cassava","2020","tonnes","0"
"Crops and livestock products","Iran (Islamic Republic of)","Export Quantity","Linseed","2020","tonnes","1"
"Crops and livestock products","Iran (Islamic Republic of)","Export Quantity","Maize","2020","tonnes","3440"
"Crops and livestock products","Iran (Islamic Republic of)","Export Quantity","Oil, olive, virgin","2020","tonnes","5"
"Crops and livestock products","Iran (Islamic Republic of)","Export Quantity","Vegetables, frozen","2020","tonnes","1574"
"Crops and livestock products","Iraq","Export Quantity","Maize","2020","tonnes","26"
"Crops and livestock products","Iraq","Export Quantity","Sunflower seed","2020","tonnes","200"
"Crops and livestock products","Iraq","Export Quantity","Vegetables, frozen","2020","tonnes","212"
"Crops and livestock products","Iraq","Export Quantity","Wheat","2020","tonnes","772"
"Crops and livestock products","Ireland","Export Quantity","Barley","2020","tonnes","33743"
"Crops and livestock products","Ireland","Export Quantity","Linseed","2020","tonnes","294"
"Crops and livestock products","Ireland","Export Quantity","Maize","2020","tonnes","89315"
"Crops and livestock products","Ireland","Export Quantity","Oil, olive, virgin","2020","tonnes","107"
"Crops and livestock products","Ireland","Export Quantity","Sunflower seed","2020","tonnes","38"
"Crops and livestock products","Ireland","Export Quantity","Vegetables, frozen","2020","tonnes","2078"
"Crops and livestock products","Ireland","Export Quantity","Wheat","2020","tonnes","29714"
"Crops and livestock products","Israel","Export Quantity","Maize","2020","tonnes","1020"
"Crops and livestock products","Israel","Export Quantity","Oil, olive, virgin","2020","tonnes","562"
"Crops and livestock products","Israel","Export Quantity","Sunflower seed","2020","tonnes","1370"
"Crops and livestock products","Israel","Export Quantity","Vegetables, frozen","2020","tonnes","5865"
"Crops and livestock products","Israel","Export Quantity","Wheat","2020","tonnes","11"
"Crops and livestock products","Italy","Export Quantity","Barley","2020","tonnes","40210"
"Crops and livestock products","Italy","Export Quantity","Linseed","2020","tonnes","1145"
"Crops and livestock products","Italy","Export Quantity","Maize","2020","tonnes","41151"
"Crops and livestock products","Italy","Export Quantity","Oil, olive, virgin","2020","tonnes","373328"
"Crops and livestock products","Italy","Export Quantity","Sunflower seed","2020","tonnes","3993"
"Crops and livestock products","Italy","Export Quantity","Vegetables, frozen","2020","tonnes","45436"
"Crops and livestock products","Italy","Export Quantity","Wheat","2020","tonnes","61044"
"Crops and livestock products","Jamaica","Export Quantity","Flour, cassava","2020","tonnes","0"
"Crops and livestock products","Jamaica","Export Quantity","Maize","2020","tonnes","36"
"Crops and livestock products","Jamaica","Export Quantity","Oil, olive, virgin","2020","tonnes","2"
"Crops and livestock products","Jamaica","Export Quantity","Vegetables, frozen","2020","tonnes","5"
"Crops and livestock products","Japan","Export Quantity","Barley","2020","tonnes","10"
"Crops and livestock products","Japan","Export Quantity","Maize","2020","tonnes","1"
"Crops and livestock products","Japan","Export Quantity","Oil, olive, virgin","2020","tonnes","91"
"Crops and livestock products","Japan","Export Quantity","Sunflower seed","2020","tonnes","720"
"Crops and livestock products","Japan","Export Quantity","Vegetables, frozen","2020","tonnes","122"
"Crops and livestock products","Jordan","Export Quantity","Barley","2020","tonnes","6696"
"Crops and livestock products","Jordan","Export Quantity","Maize","2020","tonnes","8396"
"Crops and livestock products","Jordan","Export Quantity","Oil, olive, virgin","2020","tonnes","2567"
"Crops and livestock products","Jordan","Export Quantity","Sunflower seed","2020","tonnes","669"
"Crops and livestock products","Jordan","Export Quantity","Vegetables, frozen","2020","tonnes","551"
"Crops and livestock products","Jordan","Export Quantity","Wheat","2020","tonnes","1440"
"Crops and livestock products","Kazakhstan","Export Quantity","Barley","2020","tonnes","980295"
"Crops and livestock products","Kazakhstan","Export Quantity","Linseed","2020","tonnes","452686"
"Crops and livestock products","Kazakhstan","Export Quantity","Maize","2020","tonnes","68760"
"Crops and livestock products","Kazakhstan","Export Quantity","Oil, olive, virgin","2020","tonnes","6"
"Crops and livestock products","Kazakhstan","Export Quantity","Sunflower seed","2020","tonnes","256857"
"Crops and livestock products","Kazakhstan","Export Quantity","Vegetables, frozen","2020","tonnes","59"
"Crops and livestock products","Kazakhstan","Export Quantity","Wheat","2020","tonnes","5198943"
"Crops and livestock products","Kenya","Export Quantity","Barley","2020","tonnes","20173"
"Crops and livestock products","Kenya","Export Quantity","Linseed","2020","tonnes","1"
"Crops and livestock products","Kenya","Export Quantity","Maize","2020","tonnes","7139"
"Crops and livestock products","Kenya","Export Quantity","Oil, olive, virgin","2020","tonnes","13"
"Crops and livestock products","Kenya","Export Quantity","Sunflower seed","2020","tonnes","72"
"Crops and livestock products","Kenya","Export Quantity","Vegetables, frozen","2020","tonnes","19296"
"Crops and livestock products","Kenya","Export Quantity","Wheat","2020","tonnes","1039"
"Crops and livestock products","Kuwait","Export Quantity","Flour, cassava","2020","tonnes","0"
"Crops and livestock products","Kuwait","Export Quantity","Linseed","2020","tonnes",""
"Crops and livestock products","Kuwait","Export Quantity","Maize","2020","tonnes","20"
"Crops and livestock products","Kuwait","Export Quantity","Oil, olive, virgin","2020","tonnes","117"
"Crops and livestock products","Kuwait","Export Quantity","Sunflower seed","2020","tonnes","22"
"Crops and livestock products","Kuwait","Export Quantity","Vegetables, frozen","2020","tonnes","5"
"Crops and livestock products","Kuwait","Export Quantity","Wheat","2020","tonnes","98"
"Crops and livestock products","Kyrgyzstan","Export Quantity","Maize","2020","tonnes","3656"
"Crops and livestock products","Kyrgyzstan","Export Quantity","Sunflower seed","2020","tonnes","1381"
"Crops and livestock products","Kyrgyzstan","Export Quantity","Vegetables, frozen","2020","tonnes","12"
"Crops and livestock products","Kyrgyzstan","Export Quantity","Wheat","2020","tonnes","88"
"Crops and livestock products","Lao People's Democratic Republic","Export Quantity","Maize","2020","tonnes","166827"
"Crops and livestock products","Latvia","Export Quantity","Barley","2020","tonnes","127760"
"Crops and livestock products","Latvia","Export Quantity","Linseed","2020","tonnes","2098"
"Crops and livestock products","Latvia","Export Quantity","Maize","2020","tonnes","39441"
"Crops and livestock products","Latvia","Export Quantity","Oil, olive, virgin","2020","tonnes","613"
"Crops and livestock products","Latvia","Export Quantity","Sunflower seed","2020","tonnes","4611"
"Crops and livestock products","Latvia","Export Quantity","Vegetables, frozen","2020","tonnes","703"
"Crops and livestock products","Latvia","Export Quantity","Wheat","2020","tonnes","3011623"
"Crops and livestock products","Lebanon","Export Quantity","Barley","2020","tonnes","5724"
"Crops and livestock products","Lebanon","Export Quantity","Linseed","2020","tonnes","0"
"Crops and livestock products","Lebanon","Export Quantity","Maize","2020","tonnes","15387"
"Crops and livestock products","Lebanon","Export Quantity","Oil, olive, virgin","2020","tonnes","6972"
"Crops and livestock products","Lebanon","Export Quantity","Sunflower seed","2020","tonnes","599"
"Crops and livestock products","Lebanon","Export Quantity","Vegetables, frozen","2020","tonnes","1473"
"Crops and livestock products","Lebanon","Export Quantity","Wheat","2020","tonnes","764"
"Crops and livestock products","Lesotho","Export Quantity","Barley","2020","tonnes","0"
"Crops and livestock products","Lesotho","Export Quantity","Maize","2020","tonnes","352"
"Crops and livestock products","Lesotho","Export Quantity","Oil, olive, virgin","2020","tonnes",""
"Crops and livestock products","Lesotho","Export Quantity","Vegetables, frozen","2020","tonnes",""
"Crops and livestock products","Lesotho","Export Quantity","Wheat","2020","tonnes","0"
"Crops and livestock products","Libya","Export Quantity","Oil, olive, virgin","2020","tonnes","0"
"Crops and livestock products","Lithuania","Export Quantity","Barley","2020","tonnes","383855"
"Crops and livestock products","Lithuania","Export Quantity","Linseed","2020","tonnes","7487"
"Crops and livestock products","Lithuania","Export Quantity","Maize","2020","tonnes","235028"
"Crops and livestock products","Lithuania","Export Quantity","Oil, olive, virgin","2020","tonnes","1277"
"Crops and livestock products","Lithuania","Export Quantity","Sunflower seed","2020","tonnes","32633"
"Crops and livestock products","Lithuania","Export Quantity","Vegetables, frozen","2020","tonnes","3372"
"Crops and livestock products","Lithuania","Export Quantity","Wheat","2020","tonnes","3979200"
"Crops and livestock products","Luxembourg","Export Quantity","Barley","2020","tonnes","12742"
"Crops and livestock products","Luxembourg","Export Quantity","Linseed","2020","tonnes","66"
"Crops and livestock products","Luxembourg","Export Quantity","Maize","2020","tonnes","12464"
"Crops and livestock products","Luxembourg","Export Quantity","Oil, olive, virgin","2020","tonnes","59"
"Crops and livestock products","Luxembourg","Export Quantity","Sunflower seed","2020","tonnes","53"
"Crops and livestock products","Luxembourg","Export Quantity","Vegetables, frozen","2020","tonnes","223"
"Crops and livestock products","Luxembourg","Export Quantity","Wheat","2020","tonnes","30423"
"Crops and livestock products","Madagascar","Export Quantity","Maize","2020","tonnes","147"
"Crops and livestock products","Madagascar","Export Quantity","Sunflower seed","2020","tonnes",""
"Crops and livestock products","Madagascar","Export Quantity","Vegetables, frozen","2020","tonnes","239"
"Crops and livestock products","Malawi","Export Quantity","Maize","2020","tonnes","634"
"Crops and livestock products","Malawi","Export Quantity","Oil, olive, virgin","2020","tonnes","0"
"Crops and livestock products","Malawi","Export Quantity","Sunflower seed","2020","tonnes","1778"
"Crops and livestock products","Malawi","Export Quantity","Vegetables, frozen","2020","tonnes","103"
"Crops and livestock products","Malaysia","Export Quantity","Barley","2020","tonnes","274"
"Crops and livestock products","Malaysia","Export Quantity","Linseed","2020","tonnes","0"
"Crops and livestock products","Malaysia","Export Quantity","Maize","2020","tonnes","13653"
"Crops and livestock products","Malaysia","Export Quantity","Oil, olive, virgin","2020","tonnes","27"
"Crops and livestock products","Malaysia","Export Quantity","Sunflower seed","2020","tonnes","0"
"Crops and livestock products","Malaysia","Export Quantity","Vegetables, frozen","2020","tonnes","337"
"Crops and livestock products","Malaysia","Export Quantity","Wheat","2020","tonnes","356"
"Crops and livestock products","Maldives","Export Quantity","Oil, olive, virgin","2020","tonnes","0"
"Crops and livestock products","Maldives","Export Quantity","Wheat","2020","tonnes","626"
"Crops and livestock products","Mali","Export Quantity","Maize","2020","tonnes","9568"
"Crops and livestock products","Mali","Export Quantity","Vegetables, frozen","2020","tonnes","2"
"Crops and livestock products","Mali","Export Quantity","Wheat","2020","tonnes","0"
"Crops and livestock products","Malta","Export Quantity","Oil, olive, virgin","2020","tonnes","0"
"Crops and livestock products","Malta","Export Quantity","Vegetables, frozen","2020","tonnes","47"
"Crops and livestock products","Mauritania","Export Quantity","Vegetables, frozen","2020","tonnes",""
"Crops and livestock products","Mauritius","Export Quantity","Linseed","2020","tonnes","0"
"Crops and livestock products","Mauritius","Export Quantity","Oil, olive, virgin","2020","tonnes","6"
"Crops and livestock products","Mauritius","Export Quantity","Vegetables, frozen","2020","tonnes","1"
"Crops and livestock products","Mexico","Export Quantity","Flour, cassava","2020","tonnes","0"
"Crops and livestock products","Mexico","Export Quantity","Linseed","2020","tonnes","4"
"Crops and livestock products","Mexico","Export Quantity","Maize","2020","tonnes","312384"
"Crops and livestock products","Mexico","Export Quantity","Oil, olive, virgin","2020","tonnes","628"
"Crops and livestock products","Mexico","Export Quantity","Vegetables, frozen","2020","tonnes","400344"
"Crops and livestock products","Mexico","Export Quantity","Wheat","2020","tonnes","255638"
"Crops and livestock products","Mongolia","Export Quantity","Sunflower seed","2020","tonnes","3"
"Crops and livestock products","Montenegro","Export Quantity","Linseed","2020","tonnes","2"
"Crops and livestock products","Montenegro","Export Quantity","Maize","2020","tonnes","327"
"Crops and livestock products","Montenegro","Export Quantity","Oil, olive, virgin","2020","tonnes","0"
"Crops and livestock products","Montenegro","Export Quantity","Sunflower seed","2020","tonnes","1"
"Crops and livestock products","Montenegro","Export Quantity","Vegetables, frozen","2020","tonnes","95"
"Crops and livestock products","Montenegro","Export Quantity","Wheat","2020","tonnes","0"
"Crops and livestock products","Morocco","Export Quantity","Barley","2020","tonnes",""
"Crops and livestock products","Morocco","Export Quantity","Linseed","2020","tonnes","3"
"Crops and livestock products","Morocco","Export Quantity","Maize","2020","tonnes","1"
"Crops and livestock products","Morocco","Export Quantity","Oil, olive, virgin","2020","tonnes","10440"
"Crops and livestock products","Morocco","Export Quantity","Sunflower seed","2020","tonnes","0"
"Crops and livestock products","Morocco","Export Quantity","Vegetables, frozen","2020","tonnes","2090"
"Crops and livestock products","Morocco","Export Quantity","Wheat","2020","tonnes","10"
"Crops and livestock products","Mozambique","Export Quantity","Barley","2020","tonnes","0"
"Crops and livestock products","Mozambique","Export Quantity","Flour, cassava","2020","tonnes","1"
"Crops and livestock products","Mozambique","Export Quantity","Linseed","2020","tonnes","528"
"Crops and livestock products","Mozambique","Export Quantity","Maize","2020","tonnes","540"
"Crops and livestock products","Mozambique","Export Quantity","Oil, olive, virgin","2020","tonnes","1"
"Crops and livestock products","Mozambique","Export Quantity","Sunflower seed","2020","tonnes","3650"
"Crops and livestock products","Mozambique","Export Quantity","Vegetables, frozen","2020","tonnes","8"
"Crops and livestock products","Mozambique","Export Quantity","Wheat","2020","tonnes","10020"
"Crops and livestock products","Myanmar","Export Quantity","Flour, cassava","2020","tonnes","415"
"Crops and livestock products","Myanmar","Export Quantity","Maize","2020","tonnes","1191119"
"Crops and livestock products","Myanmar","Export Quantity","Sunflower seed","2020","tonnes","817"
"Crops and livestock products","Myanmar","Export Quantity","Vegetables, frozen","2020","tonnes","958"
"Crops and livestock products","Myanmar","Export Quantity","Wheat","2020","tonnes","3"
"Crops and livestock products","Namibia","Export Quantity","Barley","2020","tonnes","0"
"Crops and livestock products","Namibia","Export Quantity","Maize","2020","tonnes","2621"
"Crops and livestock products","Namibia","Export Quantity","Oil, olive, virgin","2020","tonnes","2"
"Crops and livestock products","Namibia","Export Quantity","Vegetables, frozen","2020","tonnes","0"
"Crops and livestock products","Namibia","Export Quantity","Wheat","2020","tonnes","95"
"Crops and livestock products","Nepal","Export Quantity","Linseed","2020","tonnes","267"
"Crops and livestock products","Nepal","Export Quantity","Maize","2020","tonnes","12"
"Crops and livestock products","Nepal","Export Quantity","Vegetables, frozen","2020","tonnes","1"
"Crops and livestock products","Netherlands","Export Quantity","Barley","2020","tonnes","86537"
"Crops and livestock products","Netherlands","Export Quantity","Linseed","2020","tonnes","30218"
"Crops and livestock products","Netherlands","Export Quantity","Maize","2020","tonnes","849256"
"Crops and livestock products","Netherlands","Export Quantity","Oil, olive, virgin","2020","tonnes","4543"
"Crops and livestock products","Netherlands","Export Quantity","Sunflower seed","2020","tonnes","31376"
"Crops and livestock products","Netherlands","Export Quantity","Vegetables, frozen","2020","tonnes","213077"
"Crops and livestock products","Netherlands","Export Quantity","Wheat","2020","tonnes","256795"
"Crops and livestock products","New Zealand","Export Quantity","Barley","2020","tonnes","240"
"Crops and livestock products","New Zealand","Export Quantity","Linseed","2020","tonnes","691"
"Crops and livestock products","New Zealand","Export Quantity","Maize","2020","tonnes","1315"
"Crops and livestock products","New Zealand","Export Quantity","Oil, olive, virgin","2020","tonnes","66"
"Crops and livestock products","New Zealand","Export Quantity","Sunflower seed","2020","tonnes","3"
"Crops and livestock products","New Zealand","Export Quantity","Vegetables, frozen","2020","tonnes","65437"
"Crops and livestock products","New Zealand","Export Quantity","Wheat","2020","tonnes","68"
"Crops and livestock products","Nicaragua","Export Quantity","Barley","2020","tonnes","0"
"Crops and livestock products","Nicaragua","Export Quantity","Flour, cassava","2020","tonnes","860"
"Crops and livestock products","Nicaragua","Export Quantity","Linseed","2020","tonnes","2"
"Crops and livestock products","Nicaragua","Export Quantity","Maize","2020","tonnes","1186"
"Crops and livestock products","Nicaragua","Export Quantity","Oil, olive, virgin","2020","tonnes","0"
"Crops and livestock products","Nicaragua","Export Quantity","Vegetables, frozen","2020","tonnes","0"
"Crops and livestock products","Niger","Export Quantity","Flour, cassava","2020","tonnes",""
"Crops and livestock products","Niger","Export Quantity","Oil, olive, virgin","2020","tonnes","0"
"Crops and livestock products","Niger","Export Quantity","Vegetables, frozen","2020","tonnes",""
"Crops and livestock products","Nigeria","Export Quantity","Flour, cassava","2020","tonnes","2375"
"Crops and livestock products","Nigeria","Export Quantity","Linseed","2020","tonnes","0"
"Crops and livestock products","Nigeria","Export Quantity","Maize","2020","tonnes","4723"
"Crops and livestock products","Nigeria","Export Quantity","Oil, olive, virgin","2020","tonnes","5"
"Crops and livestock products","Nigeria","Export Quantity","Sunflower seed","2020","tonnes",""
"Crops and livestock products","Nigeria","Export Quantity","Vegetables, frozen","2020","tonnes","32"
"Crops and livestock products","Nigeria","Export Quantity","Wheat","2020","tonnes","24"
"Crops and livestock products","North Macedonia","Export Quantity","Barley","2020","tonnes","2645"
"Crops and livestock products","North Macedonia","Export Quantity","Linseed","2020","tonnes","5"
"Crops and livestock products","North Macedonia","Export Quantity","Maize","2020","tonnes","17243"
"Crops and livestock products","North Macedonia","Export Quantity","Oil, olive, virgin","2020","tonnes","0"
"Crops and livestock products","North Macedonia","Export Quantity","Sunflower seed","2020","tonnes","2677"
"Crops and livestock products","North Macedonia","Export Quantity","Vegetables, frozen","2020","tonnes","5024"
"Crops and livestock products","North Macedonia","Export Quantity","Wheat","2020","tonnes","4807"
"Crops and livestock products","Norway","Export Quantity","Barley","2020","tonnes","618"
"Crops and livestock products","Norway","Export Quantity","Linseed","2020","tonnes","32"
"Crops and livestock products","Norway","Export Quantity","Maize","2020","tonnes","277"
"Crops and livestock products","Norway","Export Quantity","Oil, olive, virgin","2020","tonnes","2"
"Crops and livestock products","Norway","Export Quantity","Sunflower seed","2020","tonnes","298"
"Crops and livestock products","Norway","Export Quantity","Vegetables, frozen","2020","tonnes","182"
"Crops and livestock products","Norway","Export Quantity","Wheat","2020","tonnes","50"
"Crops and livestock products","Oman","Export Quantity","Barley","2020","tonnes","1"
"Crops and livestock products","Oman","Export Quantity","Maize","2020","tonnes","15"
"Crops and livestock products","Oman","Export Quantity","Oil, olive, virgin","2020","tonnes","35"
"Crops and livestock products","Oman","Export Quantity","Sunflower seed","2020","tonnes","11"
"Crops and livestock products","Oman","Export Quantity","Vegetables, frozen","2020","tonnes","90"
"Crops and livestock products","Oman","Export Quantity","Wheat","2020","tonnes","350"
"Crops and livestock products","Pakistan","Export Quantity","Barley","2020","tonnes","223"
"Crops and livestock products","Pakistan","Export Quantity","Flour, cassava","2020","tonnes","73"
"Crops and livestock products","Pakistan","Export Quantity","Maize","2020","tonnes","64682"
"Crops and livestock products","Pakistan","Export Quantity","Oil, olive, virgin","2020","tonnes","9"
"Crops and livestock products","Pakistan","Export Quantity","Vegetables, frozen","2020","tonnes","11048"
"Crops and livestock products","Pakistan","Export Quantity","Wheat","2020","tonnes","28000"
"Crops and livestock products","Palestine","Export Quantity","Oil, olive, virgin","2020","tonnes","6456"
"Crops and livestock products","Palestine","Export Quantity","Wheat","2020","tonnes","4"
"Crops and livestock products","Panama","Export Quantity","Maize","2020","tonnes","0"
"Crops and livestock products","Panama","Export Quantity","Oil, olive, virgin","2020","tonnes","21"
"Crops and livestock products","Panama","Export Quantity","Vegetables, frozen","2020","tonnes","50"
"Crops and livestock products","Papua New Guinea","Export Quantity","Oil, olive, virgin","2020","tonnes","0"
"Crops and livestock products","Papua New Guinea","Export Quantity","Wheat","2020","tonnes","168"
"Crops and livestock products","Paraguay","Export Quantity","Maize","2020","tonnes","2106920"
"Crops and livestock products","Paraguay","Export Quantity","Sunflower seed","2020","tonnes","247"
"Crops and livestock products","Paraguay","Export Quantity","Vegetables, frozen","2020","tonnes",""
"Crops and livestock products","Paraguay","Export Quantity","Wheat","2020","tonnes","282901"
"Crops and livestock products","Peru","Export Quantity","Barley","2020","tonnes","34"
"Crops and livestock products","Peru","Export Quantity","Flour, cassava","2020","tonnes","3371"
"Crops and livestock products","Peru","Export Quantity","Linseed","2020","tonnes","37"
"Crops and livestock products","Peru","Export Quantity","Maize","2020","tonnes","10548"
"Crops and livestock products","Peru","Export Quantity","Oil, olive, virgin","2020","tonnes","2903"
"Crops and livestock products","Peru","Export Quantity","Sunflower seed","2020","tonnes","0"
"Crops and livestock products","Peru","Export Quantity","Vegetables, frozen","2020","tonnes","20493"
"Crops and livestock products","Peru","Export Quantity","Wheat","2020","tonnes","474"
"Crops and livestock products","Philippines","Export Quantity","Barley","2020","tonnes","58"
"Crops and livestock products","Philippines","Export Quantity","Maize","2020","tonnes","1733"
"Crops and livestock products","Philippines","Export Quantity","Vegetables, frozen","2020","tonnes","1541"
"Crops and livestock products","Philippines","Export Quantity","Wheat","2020","tonnes","1"
"Crops and livestock products","Poland","Export Quantity","Barley","2020","tonnes","301479"
"Crops and livestock products","Poland","Export Quantity","Linseed","2020","tonnes","67588"
"Crops and livestock products","Poland","Export Quantity","Maize","2020","tonnes","1490378"
"Crops and livestock products","Poland","Export Quantity","Oil, olive, virgin","2020","tonnes","1550"
"Crops and livestock products","Poland","Export Quantity","Sunflower seed","2020","tonnes","16452"
"Crops and livestock products","Poland","Export Quantity","Vegetables, frozen","2020","tonnes","405989"
"Crops and livestock products","Poland","Export Quantity","Wheat","2020","tonnes","4689130"
"Crops and livestock products","Portugal","Export Quantity","Barley","2020","tonnes","8251"
"Crops and livestock products","Portugal","Export Quantity","Flour, cassava","2020","tonnes","212"
"Crops and livestock products","Portugal","Export Quantity","Linseed","2020","tonnes","26"
"Crops and livestock products","Portugal","Export Quantity","Maize","2020","tonnes","137709"
"Crops and livestock products","Portugal","Export Quantity","Oil, olive, virgin","2020","tonnes","201246"
"Crops and livestock products","Portugal","Export Quantity","Sunflower seed","2020","tonnes","4862"
"Crops and livestock products","Portugal","Export Quantity","Vegetables, frozen","2020","tonnes","92147"
"Crops and livestock products","Portugal","Export Quantity","Wheat","2020","tonnes","11071"
"Crops and livestock products","Qatar","Export Quantity","Oil, olive, virgin","2020","tonnes","4"
"Crops and livestock products","Republic of Korea","Export Quantity","Barley","2020","tonnes","98"
"Crops and livestock products","Republic of Korea","Export Quantity","Maize","2020","tonnes","6"
"Crops and livestock products","Republic of Korea","Export Quantity","Oil, olive, virgin","2020","tonnes","103"
"Crops and livestock products","Republic of Korea","Export Quantity","Sunflower seed","2020","tonnes","6"
"Crops and livestock products","Republic of Korea","Export Quantity","Vegetables, frozen","2020","tonnes","370"
"Crops and livestock products","Republic of Korea","Export Quantity","Wheat","2020","tonnes","11"
"Crops and livestock products","Republic of Moldova","Export Quantity","Barley","2020","tonnes","20393"
"Crops and livestock products","Republic of Moldova","Export Quantity","Linseed","2020","tonnes","665"
"Crops and livestock products","Republic of Moldova","Export Quantity","Maize","2020","tonnes","449883"
"Crops and livestock products","Republic of Moldova","Export Quantity","Oil, olive, virgin","2020","tonnes","0"
"Crops and livestock products","Republic of Moldova","Export Quantity","Sunflower seed","2020","tonnes","381367"
"Crops and livestock products","Republic of Moldova","Export Quantity","Vegetables, frozen","2020","tonnes","117"
"Crops and livestock products","Republic of Moldova","Export Quantity","Wheat","2020","tonnes","135870"
"Crops and livestock products","Romania","Export Quantity","Barley","2020","tonnes","1309028"
"Crops and livestock products","Romania","Export Quantity","Linseed","2020","tonnes","971"
"Crops and livestock products","Romania","Export Quantity","Maize","2020","tonnes","5651064"
"Crops and livestock products","Romania","Export Quantity","Oil, olive, virgin","2020","tonnes","21"
"Crops and livestock products","Romania","Export Quantity","Sunflower seed","2020","tonnes","1482504"
"Crops and livestock products","Romania","Export Quantity","Vegetables, frozen","2020","tonnes","3526"
"Crops and livestock products","Romania","Export Quantity","Wheat","2020","tonnes","4304783"
"Crops and livestock products","Russian Federation","Export Quantity","Barley","2020","tonnes","4963402"
"Crops and livestock products","Russian Federation","Export Quantity","Flour, cassava","2020","tonnes",""
"Crops and livestock products","Russian Federation","Export Quantity","Linseed","2020","tonnes","473423"
"Crops and livestock products","Russian Federation","Export Quantity","Maize","2020","tonnes","2289269"
"Crops and livestock products","Russian Federation","Export Quantity","Oil, olive, virgin","2020","tonnes","298"
"Crops and livestock products","Russian Federation","Export Quantity","Sunflower seed","2020","tonnes","1369907"
"Crops and livestock products","Russian Federation","Export Quantity","Vegetables, frozen","2020","tonnes","5097"
"Crops and livestock products","Russian Federation","Export Quantity","Wheat","2020","tonnes","37267014"
"Crops and livestock products","Rwanda","Export Quantity","Flour, cassava","2020","tonnes","12"
"Crops and livestock products","Rwanda","Export Quantity","Maize","2020","tonnes","1600"
"Crops and livestock products","Rwanda","Export Quantity","Vegetables, frozen","2020","tonnes","0"
"Crops and livestock products","Saint Kitts and Nevis","Export Quantity","Vegetables, frozen","2020","tonnes","0"
"Crops and livestock products","Saint Vincent and the Grenadines","Export Quantity","Maize","2020","tonnes","23"
"Crops and livestock products","Samoa","Export Quantity","Vegetables, frozen","2020","tonnes","74"
"Crops and livestock products","Saudi Arabia","Export Quantity","Barley","2020","tonnes",""
"Crops and livestock products","Saudi Arabia","Export Quantity","Linseed","2020","tonnes",""
"Crops and livestock products","Saudi Arabia","Export Quantity","Maize","2020","tonnes","61"
"Crops and livestock products","Saudi Arabia","Export Quantity","Oil, olive, virgin","2020","tonnes","233"
"Crops and livestock products","Saudi Arabia","Export Quantity","Sunflower seed","2020","tonnes","189"
"Crops and livestock products","Saudi Arabia","Export Quantity","Vegetables, frozen","2020","tonnes","2660"
"Crops and livestock products","Saudi Arabia","Export Quantity","Wheat","2020","tonnes",""
"Crops and livestock products","Senegal","Export Quantity","Maize","2020","tonnes","99"
"Crops and livestock products","Senegal","Export Quantity","Oil, olive, virgin","2020","tonnes","4"
"Crops and livestock products","Senegal","Export Quantity","Sunflower seed","2020","tonnes","0"
"Crops and livestock products","Senegal","Export Quantity","Vegetables, frozen","2020","tonnes","24"
"Crops and livestock products","Senegal","Export Quantity","Wheat","2020","tonnes","4520"
"Crops and livestock products","Serbia","Export Quantity","Barley","2020","tonnes","87823"
"Crops and livestock products","Serbia","Export Quantity","Linseed","2020","tonnes","37"
"Crops and livestock products","Serbia","Export Quantity","Maize","2020","tonnes","3608208"
"Crops and livestock products","Serbia","Export Quantity","Oil, olive, virgin","2020","tonnes","4"
"Crops and livestock products","Serbia","Export Quantity","Sunflower seed","2020","tonnes","145447"
"Crops and livestock products","Serbia","Export Quantity","Vegetables, frozen","2020","tonnes","39540"
"Crops and livestock products","Serbia","Export Quantity","Wheat","2020","tonnes","520817"
"Crops and livestock products","Sierra Leone","Export Quantity","Oil, olive, virgin","2020","tonnes","4"
"Crops and livestock products","Sierra Leone","Export Quantity","Vegetables, frozen","2020","tonnes","7"
"Crops and livestock products","Singapore","Export Quantity","Barley","2020","tonnes","118"
"Crops and livestock products","Singapore","Export Quantity","Flour, cassava","2020","tonnes","10"
"Crops and livestock products","Singapore","Export Quantity","Linseed","2020","tonnes","13"
"Crops and livestock products","Singapore","Export Quantity","Maize","2020","tonnes","1090"
"Crops and livestock products","Singapore","Export Quantity","Oil, olive, virgin","2020","tonnes","372"
"Crops and livestock products","Singapore","Export Quantity","Sunflower seed","2020","tonnes","55"
"Crops and livestock products","Singapore","Export Quantity","Vegetables, frozen","2020","tonnes","327"
"Crops and livestock products","Singapore","Export Quantity","Wheat","2020","tonnes","29"
"Crops and livestock products","Slovakia","Export Quantity","Barley","2020","tonnes","134468"
"Crops and livestock products","Slovakia","Export Quantity","Linseed","2020","tonnes","736"
"Crops and livestock products","Slovakia","Export Quantity","Maize","2020","tonnes","619203"
"Crops and livestock products","Slovakia","Export Quantity","Oil, olive, virgin","2020","tonnes","465"
"Crops and livestock products","Slovakia","Export Quantity","Sunflower seed","2020","tonnes","154061"
"Crops and livestock products","Slovakia","Export Quantity","Vegetables, frozen","2020","tonnes","5019"
"Crops and livestock products","Slovakia","Export Quantity","Wheat","2020","tonnes","1274123"
"Crops and livestock products","Slovenia","Export Quantity","Barley","2020","tonnes","20902"
"Crops and livestock products","Slovenia","Export Quantity","Linseed","2020","tonnes","665"
"Crops and livestock products","Slovenia","Export Quantity","Maize","2020","tonnes","841207"
"Crops and livestock products","Slovenia","Export Quantity","Oil, olive, virgin","2020","tonnes","148"
"Crops and livestock products","Slovenia","Export Quantity","Sunflower seed","2020","tonnes","3591"
"Crops and livestock products","Slovenia","Export Quantity","Vegetables, frozen","2020","tonnes","1407"
"Crops and livestock products","Slovenia","Export Quantity","Wheat","2020","tonnes","105518"
"Crops and livestock products","Somalia","Export Quantity","Linseed","2020","tonnes","0"
"Crops and livestock products","Somalia","Export Quantity","Maize","2020","tonnes","3"
"Crops and livestock products","Somalia","Export Quantity","Oil, olive, virgin","2020","tonnes","0"
"Crops and livestock products","South Africa","Export Quantity","Barley","2020","tonnes","1144"
"Crops and livestock products","South Africa","Export Quantity","Linseed","2020","tonnes","12"
"Crops and livestock products","South Africa","Export Quantity","Maize","2020","tonnes","2584946"
"Crops and livestock products","South Africa","Export Quantity","Oil, olive, virgin","2020","tonnes","1623"
"Crops and livestock products","South Africa","Export Quantity","Sunflower seed","2020","tonnes","1339"
"Crops and livestock products","South Africa","Export Quantity","Vegetables, frozen","2020","tonnes","5098"
"Crops and livestock products","South Africa","Export Quantity","Wheat","2020","tonnes","182634"
"Crops and livestock products","South Sudan","Export Quantity","Vegetables, frozen","2020","tonnes","0"
"Crops and livestock products","South Sudan","Export Quantity","Wheat","2020","tonnes","142"
"Crops and livestock products","Spain","Export Quantity","Barley","2020","tonnes","111429"
"Crops and livestock products","Spain","Export Quantity","Linseed","2020","tonnes","628"
"Crops and livestock products","Spain","Export Quantity","Maize","2020","tonnes","146221"
"Crops and livestock products","Spain","Export Quantity","Oil, olive, virgin","2020","tonnes","1130319"
"Crops and livestock products","Spain","Export Quantity","Sunflower seed","2020","tonnes","37326"
"Crops and livestock products","Spain","Export Quantity","Vegetables, frozen","2020","tonnes","599392"
"Crops and livestock products","Spain","Export Quantity","Wheat","2020","tonnes","523985"
"Crops and livestock products","Sri Lanka","Export Quantity","Barley","2020","tonnes","2"
"Crops and livestock products","Sri Lanka","Export Quantity","Maize","2020","tonnes","9"
"Crops and livestock products","Sri Lanka","Export Quantity","Oil, olive, virgin","2020","tonnes","0"
"Crops and livestock products","Sri Lanka","Export Quantity","Vegetables, frozen","2020","tonnes","819"
"Crops and livestock products","Sri Lanka","Export Quantity","Wheat","2020","tonnes","2860"
"Crops and livestock products","Sudan","Export Quantity","Flour, cassava","2020","tonnes","0"
"Crops and livestock products","Sudan","Export Quantity","Maize","2020","tonnes","472"
"Crops and livestock products","Sudan","Export Quantity","Vegetables, frozen","2020","tonnes","0"
"Crops and livestock products","Suriname","Export Quantity","Maize","2020","tonnes","0"
"Crops and livestock products","Suriname","Export Quantity","Vegetables, frozen","2020","tonnes","101"
"Crops and livestock products","Sweden","Export Quantity","Barley","2020","tonnes","421677"
"Crops and livestock products","Sweden","Export Quantity","Linseed","2020","tonnes","891"
"Crops and livestock products","Sweden","Export Quantity","Maize","2020","tonnes","221"
"Crops and livestock products","Sweden","Export Quantity","Oil, olive, virgin","2020","tonnes","157"
"Crops and livestock products","Sweden","Export Quantity","Sunflower seed","2020","tonnes","3172"
"Crops and livestock products","Sweden","Export Quantity","Vegetables, frozen","2020","tonnes","7370"
"Crops and livestock products","Sweden","Export Quantity","Wheat","2020","tonnes","1057894"
"Crops and livestock products","Switzerland","Export Quantity","Barley","2020","tonnes","799"
"Crops and livestock products","Switzerland","Export Quantity","Linseed","2020","tonnes","21"
"Crops and livestock products","Switzerland","Export Quantity","Maize","2020","tonnes","58"
"Crops and livestock products","Switzerland","Export Quantity","Oil, olive, virgin","2020","tonnes","55"
"Crops and livestock products","Switzerland","Export Quantity","Sunflower seed","2020","tonnes","74"
"Crops and livestock products","Switzerland","Export Quantity","Vegetables, frozen","2020","tonnes","280"
"Crops and livestock products","Switzerland","Export Quantity","Wheat","2020","tonnes","508"
"Crops and livestock products","Syrian Arab Republic","Export Quantity","Barley","2020","tonnes","401701"
"Crops and livestock products","Syrian Arab Republic","Export Quantity","Maize","2020","tonnes","6"
"Crops and livestock products","Syrian Arab Republic","Export Quantity","Oil, olive, virgin","2020","tonnes","63512"
"Crops and livestock products","Syrian Arab Republic","Export Quantity","Sunflower seed","2020","tonnes","23"
"Crops and livestock products","Syrian Arab Republic","Export Quantity","Vegetables, frozen","2020","tonnes","315"
"Crops and livestock products","Syrian Arab Republic","Export Quantity","Wheat","2020","tonnes","123106"
"Crops and livestock products","Tajikistan","Export Quantity","Maize","2020","tonnes","21"
"Crops and livestock products","Tajikistan","Export Quantity","Sunflower seed","2020","tonnes","225"
"Crops and livestock products","Thailand","Export Quantity","Barley","2020","tonnes","15"
"Crops and livestock products","Thailand","Export Quantity","Flour, cassava","2020","tonnes","51810"
"Crops and livestock products","Thailand","Export Quantity","Linseed","2020","tonnes","7"
"Crops and livestock products","Thailand","Export Quantity","Maize","2020","tonnes","27428"
"Crops and livestock products","Thailand","Export Quantity","Oil, olive, virgin","2020","tonnes","35"
"Crops and livestock products","Thailand","Export Quantity","Sunflower seed","2020","tonnes","198"
"Crops and livestock products","Thailand","Export Quantity","Vegetables, frozen","2020","tonnes","51416"
"Crops and livestock products","Thailand","Export Quantity","Wheat","2020","tonnes","9"
"Crops and livestock products","Togo","Export Quantity","Maize","2020","tonnes","97"
"Crops and livestock products","Tonga","Export Quantity","Maize","2020","tonnes","1"
"Crops and livestock products","Tonga","Export Quantity","Vegetables, frozen","2020","tonnes","92"
"Crops and livestock products","Trinidad and Tobago","Export Quantity","Linseed","2020","tonnes","2"
"Crops and livestock products","Trinidad and Tobago","Export Quantity","Maize","2020","tonnes","31"
"Crops and livestock products","Trinidad and Tobago","Export Quantity","Oil, olive, virgin","2020","tonnes","0"
"Crops and livestock products","Trinidad and Tobago","Export Quantity","Sunflower seed","2020","tonnes","0"
"Crops and livestock products","Trinidad and Tobago","Export Quantity","Vegetables, frozen","2020","tonnes","0"
"Crops and livestock products","Tunisia","Export Quantity","Barley","2020","tonnes","115"
"Crops and livestock products","Tunisia","Export Quantity","Linseed","2020","tonnes","3"
"Crops and livestock products","Tunisia","Export Quantity","Oil, olive, virgin","2020","tonnes","363616"
"Crops and livestock products","Tunisia","Export Quantity","Sunflower seed","2020","tonnes","0"
"Crops and livestock products","Tunisia","Export Quantity","Vegetables, frozen","2020","tonnes","119"
"Crops and livestock products","Turkey","Export Quantity","Barley","2020","tonnes","14129"
"Crops and livestock products","Turkey","Export Quantity","Flour, cassava","2020","tonnes","0"
"Crops and livestock products","Turkey","Export Quantity","Linseed","2020","tonnes","3986"
"Crops and livestock products","Turkey","Export Quantity","Maize","2020","tonnes","404866"
"Crops and livestock products","Turkey","Export Quantity","Oil, olive, virgin","2020","tonnes","53665"
"Crops and livestock products","Turkey","Export Quantity","Sunflower seed","2020","tonnes","115253"
"Crops and livestock products","Turkey","Export Quantity","Vegetables, frozen","2020","tonnes","47268"
"Crops and livestock products","Turkey","Export Quantity","Wheat","2020","tonnes","124643"
"Crops and livestock products","Turkmenistan","Export Quantity","Wheat","2020","tonnes","37000"
"Crops and livestock products","Uganda","Export Quantity","Barley","2020","tonnes","951"
"Crops and livestock products","Uganda","Export Quantity","Maize","2020","tonnes","258883"
"Crops and livestock products","Uganda","Export Quantity","Oil, olive, virgin","2020","tonnes","3"
"Crops and livestock products","Uganda","Export Quantity","Sunflower seed","2020","tonnes","513"
"Crops and livestock products","Uganda","Export Quantity","Vegetables, frozen","2020","tonnes","3180"
"Crops and livestock products","Uganda","Export Quantity","Wheat","2020","tonnes","40"
"Crops and livestock products","Ukraine","Export Quantity","Barley","2020","tonnes","5046350"
"Crops and livestock products","Ukraine","Export Quantity","Linseed","2020","tonnes","9353"
"Crops and livestock products","Ukraine","Export Quantity","Maize","2020","tonnes","27952483"
"Crops and livestock products","Ukraine","Export Quantity","Oil, olive, virgin","2020","tonnes","42"
"Crops and livestock products","Ukraine","Export Quantity","Sunflower seed","2020","tonnes","187900"
"Crops and livestock products","Ukraine","Export Quantity","Vegetables, frozen","2020","tonnes","5009"
"Crops and livestock products","Ukraine","Export Quantity","Wheat","2020","tonnes","18055673"
"Crops and livestock products","United Arab Emirates","Export Quantity","Barley","2020","tonnes","57193"
"Crops and livestock products","United Arab Emirates","Export Quantity","Flour, cassava","2020","tonnes",""
"Crops and livestock products","United Arab Emirates","Export Quantity","Linseed","2020","tonnes","77"
"Crops and livestock products","United Arab Emirates","Export Quantity","Maize","2020","tonnes","71929"
"Crops and livestock products","United Arab Emirates","Export Quantity","Oil, olive, virgin","2020","tonnes","5100"
"Crops and livestock products","United Arab Emirates","Export Quantity","Sunflower seed","2020","tonnes","19921"
"Crops and livestock products","United Arab Emirates","Export Quantity","Vegetables, frozen","2020","tonnes","1978"
"Crops and livestock products","United Arab Emirates","Export Quantity","Wheat","2020","tonnes","31483"
"Crops and livestock products","United Kingdom of Great Britain and Northern Ireland","Export Quantity","Barley","2020","tonnes","1574932"
"Crops and livestock products","United Kingdom of Great Britain and Northern Ireland","Export Quantity","Flour, cassava","2020","tonnes","145"
"Crops and livestock products","United Kingdom of Great Britain and Northern Ireland","Export Quantity","Linseed","2020","tonnes","23940"
"Crops and livestock products","United Kingdom of Great Britain and Northern Ireland","Export Quantity","Maize","2020","tonnes","138934"
"Crops and livestock products","United Kingdom of Great Britain and Northern Ireland","Export Quantity","Oil, olive, virgin","2020","tonnes","2473"
"Crops and livestock products","United Kingdom of Great Britain and Northern Ireland","Export Quantity","Sunflower seed","2020","tonnes","8947"
"Crops and livestock products","United Kingdom of Great Britain and Northern Ireland","Export Quantity","Vegetables, frozen","2020","tonnes","46470"
"Crops and livestock products","United Kingdom of Great Britain and Northern Ireland","Export Quantity","Wheat","2020","tonnes","520083"
"Crops and livestock products","United Republic of Tanzania","Export Quantity","Barley","2020","tonnes","156"
"Crops and livestock products","United Republic of Tanzania","Export Quantity","Flour, cassava","2020","tonnes","7"
"Crops and livestock products","United Republic of Tanzania","Export Quantity","Maize","2020","tonnes","96965"
"Crops and livestock products","United Republic of Tanzania","Export Quantity","Oil, olive, virgin","2020","tonnes","0"
"Crops and livestock products","United Republic of Tanzania","Export Quantity","Sunflower seed","2020","tonnes","2835"
"Crops and livestock products","United Republic of Tanzania","Export Quantity","Vegetables, frozen","2020","tonnes","38639"
"Crops and livestock products","United Republic of Tanzania","Export Quantity","Wheat","2020","tonnes","924"
"Crops and livestock products","United States of America","Export Quantity","Barley","2020","tonnes","187077"
"Crops and livestock products","United States of America","Export Quantity","Linseed","2020","tonnes","31076"
"Crops and livestock products","United States of America","Export Quantity","Maize","2020","tonnes","51838933"
"Crops and livestock products","United States of America","Export Quantity","Oil, olive, virgin","2020","tonnes","10612"
"Crops and livestock products","United States of America","Export Quantity","Sunflower seed","2020","tonnes","66140"
"Crops and livestock products","United States of America","Export Quantity","Vegetables, frozen","2020","tonnes","104097"
"Crops and livestock products","United States of America","Export Quantity","Wheat","2020","tonnes","26131626"
"Crops and livestock products","Uruguay","Export Quantity","Barley","2020","tonnes","41184"
"Crops and livestock products","Uruguay","Export Quantity","Flour, cassava","2020","tonnes","0"
"Crops and livestock products","Uruguay","Export Quantity","Linseed","2020","tonnes","667"
"Crops and livestock products","Uruguay","Export Quantity","Maize","2020","tonnes","2"
"Crops and livestock products","Uruguay","Export Quantity","Oil, olive, virgin","2020","tonnes","123"
"Crops and livestock products","Uruguay","Export Quantity","Sunflower seed","2020","tonnes","290"
"Crops and livestock products","Uruguay","Export Quantity","Vegetables, frozen","2020","tonnes","0"
"Crops and livestock products","Uruguay","Export Quantity","Wheat","2020","tonnes","381626"
"Crops and livestock products","Uzbekistan","Export Quantity","Linseed","2020","tonnes","0"
"Crops and livestock products","Uzbekistan","Export Quantity","Oil, olive, virgin","2020","tonnes","0"
"Crops and livestock products","Uzbekistan","Export Quantity","Sunflower seed","2020","tonnes","4003"
"Crops and livestock products","Uzbekistan","Export Quantity","Vegetables, frozen","2020","tonnes","5860"
"Crops and livestock products","Uzbekistan","Export Quantity","Wheat","2020","tonnes","48212"
"Crops and livestock products","Venezuela (Bolivarian Republic of)","Export Quantity","Flour, cassava","2020","tonnes","0"
"Crops and livestock products","Venezuela (Bolivarian Republic of)","Export Quantity","Oil, olive, virgin","2020","tonnes","0"
"Crops and livestock products","Viet Nam","Export Quantity","Barley","2020","tonnes","0"
"Crops and livestock products","Viet Nam","Export Quantity","Flour, cassava","2020","tonnes","17872"
"Crops and livestock products","Viet Nam","Export Quantity","Maize","2020","tonnes","328626"
"Crops and livestock products","Viet Nam","Export Quantity","Oil, olive, virgin","2020","tonnes","22"
"Crops and livestock products","Viet Nam","Export Quantity","Sunflower seed","2020","tonnes","8"
"Crops and livestock products","Viet Nam","Export Quantity","Vegetables, frozen","2020","tonnes","16466"
"Crops and livestock products","Viet Nam","Export Quantity","Wheat","2020","tonnes","39567"
"Crops and livestock products","Yemen","Export Quantity","Barley","2020","tonnes","31"
"Crops and livestock products","Yemen","Export Quantity","Maize","2020","tonnes","12441"
"Crops and livestock products","Yemen","Export Quantity","Oil, olive, virgin","2020","tonnes","0"
"Crops and livestock products","Yemen","Export Quantity","Vegetables, frozen","2020","tonnes","11"
"Crops and livestock products","Yemen","Export Quantity","Wheat","2020","tonnes","231"
"Crops and livestock products","Zambia","Export Quantity","Flour, cassava","2020","tonnes","20"
"Crops and livestock products","Zambia","Export Quantity","Maize","2020","tonnes","59380"
"Crops and livestock products","Zambia","Export Quantity","Oil, olive, virgin","2020","tonnes","1"
"Crops and livestock products","Zambia","Export Quantity","Sunflower seed","2020","tonnes","47"
"Crops and livestock products","Zambia","Export Quantity","Vegetables, frozen","2020","tonnes","1"
"Crops and livestock products","Zambia","Export Quantity","Wheat","2020","tonnes","243"
"Crops and livestock products","Zimbabwe","Export Quantity","Barley","2020","tonnes","0"
"Crops and livestock products","Zimbabwe","Export Quantity","Maize","2020","tonnes","4484"
"Crops and livestock products","Zimbabwe","Export Quantity","Vegetables, frozen","2020","tonnes","27"
"Crops and livestock products","Zimbabwe","Export Quantity","Wheat","2020","tonnes","2083"
